"","keyword","ngram","freq","rake","key"
"1","branch library",2,5,21.118968935889,"branch library"
"2","ice cream",2,2,19.4978571428571,"ice cream"
"3","longwood medical",2,9,17.3976451146457,"longwood medical"
"4","arnold arboretum",2,3,17.1277777777778,"arnold arboretum"
"5","step door",2,2,16.7137838742054,"step door"
"6","public garden",2,2,16.5244802146211,"public garden"
"7","bite cocktail",2,2,16.4335839598997,"bite cocktail"
"8","adam brewery",2,2,16.3542510121457,"adam brewery"
"9","library museum",2,4,16.2993212798722,"library museum"
"10","front door",2,2,16.288160291439,"front door"
"11","gardner street",2,3,16.1765873015873,"gardner street"
"12","sport team",2,4,16.125,"sport team"
"13","walk distance",2,17,15.9585004573023,"walk distance"
"14","outdoor cafe",2,2,15.5315018315018,"outdoor cafe"
"15","star market",2,6,15.5078534031414,"star market"
"16","public transportation",2,4,15.4595241351019,"public transportation"
"17","tr gato",2,2,15.3839285714286,"tr gato"
"18","green front",2,3,15.3453968253968,"green front"
"19","green space",2,5,15.22,"green space"
"20","freedom trail",2,11,15.2060945273632,"freedom trail"
"21","easy access",2,4,15.1822222222222,"easy access"
"22","grocery store",2,6,15.1534752244762,"grocery store"
"23","sushi block",2,4,14.9762529274005,"sushi block"
"24","shopping dining",2,3,14.975030106417,"shopping dining"
"25","jamaica pond",2,6,14.9600956350634,"jamaica pond"
"26","jamaica pond pond",2,3,14.9600956350634,"jamaica pond pond"
"27","centre street",2,2,14.7654761904762,"centre street"
"28","harvard arboretum",2,2,14.7606544901065,"harvard arboretum"
"29","restaurant row",2,4,14.7309857239973,"restaurant row"
"30","bar restaurant",2,2,14.6230478082545,"bar restaurant"
"31","restaurant bar",2,7,14.6230478082545,"restaurant bar"
"32","modern bakery",2,2,14.5876160990712,"modern bakery"
"33","shop grocery",2,6,14.5768948919941,"shop grocery"
"34","restaurant shop",2,4,14.5711795850635,"restaurant shop"
"35","door street",2,3,14.4425253708041,"door street"
"36","irish pub",2,2,14.3961191033791,"irish pub"
"37","half mile",2,2,14.3898653998416,"half mile"
"38","boston common",2,29,14.3736871087645,"boston common"
"39","fanuiel hall",2,7,14.3735632183908,"fanuiel hall"
"40","numerous restaurant",2,3,14.3322357239973,"numerous restaurant"
"41","commuter rail",2,2,14.3285714285714,"commuter rail"
"42","historical site",2,2,14.312915282392,"historical site"
"43","forest hills",2,2,14.2978947368421,"forest hills"
"44","couple wood",2,3,14.2631578947368,"couple wood"
"45","faneuil hall",2,25,14.2419842710224,"faneuil hall"
"46","convenience store",2,4,14.1116995666827,"convenience store"
"47","food market",2,2,14.0253972627905,"food market"
"48","mit campus",2,3,13.999245852187,"mit campus"
"49","business travel",2,2,13.9990662931839,"business travel"
"50","financial district",2,4,13.996151048612,"financial district"
"51","bite brew",2,2,13.9809523809524,"bite brew"
"52","newbury st",2,2,13.950205491691,"newbury st"
"53","street museum",2,4,13.8928873579889,"street museum"
"54","run arboretum",2,2,13.8698830409357,"run arboretum"
"55","td garden",2,4,13.8539144471348,"td garden"
"56","diner breakfast",2,2,13.8461538461538,"diner breakfast"
"57","close downtown",2,4,13.8120966159629,"close downtown"
"58","green line",2,6,13.8120634920635,"green line"
"59","lot restaurant",2,3,13.791245464257,"lot restaurant"
"60","train bus",2,2,13.7629882044561,"train bus"
"61","carson beach",2,8,13.6875,"carson beach"
"62","hip coffee",2,2,13.6598657718121,"hip coffee"
"63","brick sidewalk",2,4,13.5893234672304,"brick sidewalk"
"64","charle river",2,2,13.5876974931536,"charle river"
"65","bus close",2,2,13.5772924457741,"bus close"
"66","food grocery",2,8,13.574244890577,"food grocery"
"67","restaurant food",2,3,13.5685295836464,"restaurant food"
"68","theater district",2,5,13.5673837545823,"theater district"
"69","door minute",2,2,13.4843790232598,"door minute"
"70","shop bank",2,4,13.4767156001967,"shop bank"
"71","newbury street",2,28,13.4635344429034,"newbury street"
"72","proximity downtown",2,11,13.4559030712877,"proximity downtown"
"73","variety food",2,2,13.4155030433226,"variety food"
"74","city offer",2,3,13.3252688172043,"city offer"
"75","charle street",2,5,13.3165400202634,"charle street"
"76","universities college",2,2,13.1979969183359,"universities college"
"77","park mile",2,8,13.1885709014598,"park mile"
"78","tour shopping",2,4,13.1819067871699,"tour shopping"
"79","banks boston",2,2,13.125099538143,"banks boston"
"80","downtown boston",2,14,13.0846656130937,"downtown boston"
"81","boston offer",2,5,13.0417662048097,"boston offer"
"82","house easy",2,3,13.0175871582644,"house easy"
"83","close proximity",2,3,13.0155342040159,"close proximity"
"84","boston restaurant",2,2,13.0094185954736,"boston restaurant"
"85","unique shop",2,3,12.9868605277329,"unique shop"
"86","access minute",2,2,12.9739965095986,"access minute"
"87","acre park",2,6,12.9606102635229,"acre park"
"88","cafe delicious",2,3,12.9410256410256,"cafe delicious"
"89","jamaica plain",2,32,12.9282307727925,"jamaica plain"
"90","close harvard",2,16,12.9187405866743,"close harvard"
"91","diverse eclectic",2,2,12.8671497584541,"diverse eclectic"
"92","harvard campus",2,2,12.8603276927209,"harvard campus"
"93","step action",2,2,12.7950680272109,"step action"
"94","prudential center",2,4,12.7934173669468,"prudential center"
"95","renowne",1,8,12.7058823529412,"renowne"
"96","city center",2,2,12.7020195174844,"city center"
"97","accessible walk",2,3,12.5772994129159,"accessible walk"
"98","castle island",2,2,12.5550883095038,"castle island"
"99","navy yard",2,4,12.4583333333333,"navy yard"
"100","house tallest",2,2,12.4520316027088,"house tallest"
"101","center boston",2,7,12.4185169050898,"center boston"
"102","green vibrant",2,3,12.4098954703833,"green vibrant"
"103","major hospital",2,4,12.4070691273069,"major hospital"
"104","river street",2,3,12.4021098538425,"river street"
"105","store inexpensive",2,3,12.3824884792627,"store inexpensive"
"106","mile minute",2,7,12.3638619094403,"mile minute"
"107","shop friendly",2,2,12.3390914988615,"shop friendly"
"108","orange line",2,8,12.3277777777778,"orange line"
"109","stadium min",2,2,12.2967832167832,"stadium min"
"110","block copley",2,2,12.2374809805579,"block copley"
"111","downtown minute",2,5,12.2335625845493,"downtown minute"
"112","minute downtown",2,4,12.2335625845493,"minute downtown"
"113","popular neighborhoods",2,2,12.2221654314678,"popular neighborhoods"
"114","student professional",2,16,12.21825,"student professional"
"115","city boston",2,6,12.2003683553473,"city boston"
"116","restaurant minute",2,2,12.1583155669292,"restaurant minute"
"117","building block",2,5,12.1577587681779,"building block"
"118","system corner",2,2,12.1553684210526,"system corner"
"119","modern convenience",2,4,12.1201885310291,"modern convenience"
"120","street boston",2,2,12.0239090619525,"street boston"
"121","restaurant quick",2,2,12.0048318778434,"restaurant quick"
"122","street park",2,2,11.9975150254276,"street park"
"123","finest restaurant",2,2,11.9795571525687,"finest restaurant"
"124","action shop",2,2,11.9785271943996,"action shop"
"125","corner bookstore",2,2,11.958,"corner bookstore"
"126","memorial park",2,2,11.9320388349515,"memorial park"
"127","harvard university",2,2,11.9218719276398,"harvard university"
"128","table canary",2,2,11.9,"table canary"
"129","seaport district",2,4,11.863042001585,"seaport district"
"130","hospital beth",2,2,11.7244604316547,"hospital beth"
"131","building center",2,4,11.7235570875057,"building center"
"132","coolidge corner",2,4,11.6785882352941,"coolidge corner"
"133","gate local",2,3,11.6662679425837,"gate local"
"134","boston university",2,31,11.6474280867874,"boston university"
"135","food minute",2,2,11.6248737025811,"food minute"
"136","main street",2,2,11.587215320911,"main street"
"137","walk jogge",2,2,11.5772994129159,"walk jogge"
"138","significant landmark",2,2,11.5684803001876,"significant landmark"
"139","favorite vee vee",2,2,11.5679012345679,"favorite vee vee"
"140","commercial street",2,2,11.5503246753247,"commercial street"
"141","convenient city",2,2,11.5501115844999,"convenient city"
"142","music car",2,2,11.503829997529,"music car"
"143","restaurant roslindale",2,4,11.4903796633912,"restaurant roslindale"
"144","views city",2,7,11.4562211981567,"views city"
"145","gorgeous perfect",2,4,11.4117647058824,"gorgeous perfect"
"146","black mass",2,2,11.4081632653061,"black mass"
"147","victorian house",2,2,11.400144810256,"victorian house"
"148","allston village",2,3,11.3726163234172,"allston village"
"149","emerson college",2,18,11.3531468531469,"emerson college"
"150","boston copley",2,4,11.3016281377485,"boston copley"
"151","min bus min",2,2,11.2791208791209,"min bus min"
"152","major attraction",2,6,11.268993672178,"major attraction"
"153","neighborhoods boston",2,6,11.2685103908562,"neighborhoods boston"
"154","blue line",2,2,11.2495726495726,"blue line"
"155","park attraction",2,2,11.2184238114773,"park attraction"
"156","fashionable shop",2,19,11.1966644493015,"fashionable shop"
"157","civil war",2,2,11.1845238095238,"civil war"
"158","views boston",2,3,11.1727185857621,"views boston"
"159","museum computer museum",2,2,11.160744500846,"museum computer museum"
"160","penguin pizza",2,2,11.1376811594203,"penguin pizza"
"161","block tapa",2,4,11.0666995073892,"block tapa"
"162","park minute",2,4,11.0393686778834,"park minute"
"163","ocean minute",2,2,11.0304067660089,"ocean minute"
"164","love restaurant",2,6,11.015898004699,"love restaurant"
"165","intersection boylston",2,2,11.0147286821705,"intersection boylston"
"166","resident center",2,4,10.956018992963,"resident center"
"167","beautiful neighborhoods",2,4,10.9213849398745,"beautiful neighborhoods"
"168","close apartment",2,2,10.8996569777938,"close apartment"
"169","roslindale fun",2,4,10.8658645276292,"roslindale fun"
"170","logan airport",2,5,10.8654761904762,"logan airport"
"171","boston massachusett",2,3,10.8188979877554,"boston massachusett"
"172","family professional",2,3,10.7432065217391,"family professional"
"173","downtown chinatown",2,2,10.742899408284,"downtown chinatown"
"174","dine ins",2,3,10.6428571428571,"dine ins"
"175","attraction copley",2,2,10.629580242798,"attraction copley"
"176","explore boston",2,2,10.59479650784,"explore boston"
"177","massachusett house",2,2,10.5624967189879,"massachusett house"
"178","grill restaurant",2,5,10.5509857239973,"grill restaurant"
"179","station boston",2,5,10.5456669140295,"station boston"
"180","awesome authentic",2,3,10.5095108695652,"awesome authentic"
"181","location boston",2,2,10.4922407006578,"location boston"
"182","york time",2,3,10.4703557312253,"york time"
"183","arizona bbq",2,2,10.4666666666667,"arizona bbq"
"184","boston resident",2,7,10.4543678308259,"boston resident"
"185","minute copley",2,2,10.4505251092041,"minute copley"
"186","nightlife",1,2,10.360824742268,"nightlife"
"187","northeastern university",2,34,10.3417729930888,"northeastern university"
"188","campus commonwealth",2,2,10.3333333333333,"campus commonwealth"
"189","street apartment",2,3,10.2792692939245,"street apartment"
"190","airport station",2,2,10.2777102330294,"airport station"
"191","red line",2,5,10.2720867208672,"red line"
"192","map cambridge",2,2,10.2720066750104,"map cambridge"
"193","neighborhoods short",2,19,10.2682170542636,"neighborhoods short"
"194","hippest",1,2,10.25,"hippest"
"195","european city",2,4,10.241935483871,"european city"
"196","block distinctive",2,3,10.18,"block distinctive"
"197","19th century",2,9,10.179117147708,"19th century"
"198","bridge harvard",2,2,10.1078767123288,"bridge harvard"
"199","circle minute",2,3,10.1073298429319,"circle minute"
"200","picnic park",2,2,10.0987055016181,"picnic park"
"201","tuft university",2,18,10.0968899521531,"tuft university"
"202","elegant building",2,4,10.0870024656569,"elegant building"
"203","short minute",2,2,10.0654693778157,"short minute"
"204","apartment plenty",2,2,10.0054597701149,"apartment plenty"
"205","accessible short",2,5,9.95813953488372,"accessible short"
"206","unit minute",2,3,9.94943510608983,"unit minute"
"207","feature",1,3,9.94285714285714,"feature"
"208","park bench",2,2,9.93203883495146,"park bench"
"209","boston red",2,6,9.85274181456578,"boston red"
"210","cheap food",2,11,9.85087719298246,"cheap food"
"211","residential street",2,5,9.84942680776014,"residential street"
"212","convenient location",2,4,9.84198392981043,"convenient location"
"213","family oriente",2,3,9.83695652173913,"family oriente"
"214","park red",2,4,9.82634777804089,"park red"
"215","charm street",2,3,9.81547619047619,"charm street"
"216","arrange grocery",2,2,9.80670103092783,"arrange grocery"
"217","closer center",2,4,9.79341736694678,"closer center"
"218","street commonwealth",2,4,9.77135854341737,"street commonwealth"
"219","central boston",2,2,9.76855945375483,"central boston"
"220","boston proper",2,2,9.75009953814302,"boston proper"
"221","station minute",2,4,9.69456388548513,"station minute"
"222","friendly family",2,4,9.65585415953441,"friendly family"
"223","family friendly",2,3,9.65585415953441,"family friendly"
"224","city charlestown",2,2,9.65497896213184,"city charlestown"
"225","hyde park",2,5,9.56840247131509,"hyde park"
"226","largest victorian",2,3,9.55922431865828,"largest victorian"
"227","heart city",2,4,9.55685261094279,"heart city"
"228","location perfect",2,11,9.53380782918149,"location perfect"
"229","apartment recommendation",2,2,9.52958257713249,"apartment recommendation"
"230","neighborhoods apartment",2,2,9.52387062282812,"neighborhoods apartment"
"231","main thoroughfare",2,2,9.52173913043478,"main thoroughfare"
"232","charme victorian",2,2,9.51167252958107,"charme victorian"
"233","cool adults",2,2,9.5,"cool adults"
"234","convenient walkable",2,2,9.49865229110512,"convenient walkable"
"235","min minute",2,2,9.49502215062424,"min minute"
"236","victorian residential",2,2,9.48206382483112,"victorian residential"
"237","necklace park",2,2,9.46265107984942,"necklace park"
"238","guest love",2,2,9.45427398282941,"guest love"
"239","location guidebook",2,5,9.42269671807038,"location guidebook"
"240","chinatown plenty",2,2,9.40833333333333,"chinatown plenty"
"241","table minute",2,2,9.40732984293194,"table minute"
"242","bite archie",2,2,9.38095238095238,"bite archie"
"243","boston tree",2,2,9.37661468965817,"boston tree"
"244","rich history",2,2,9.32721712538226,"rich history"
"245","apartment minute",2,4,9.32112294638021,"apartment minute"
"246","apartment apartment minute",2,2,9.32112294638021,"apartment apartment minute"
"247","house tavern",2,2,9.32107922175642,"house tavern"
"248","heart boston",2,5,9.27334999854817,"heart boston"
"249","residential guest",2,2,9.27331231941161,"residential guest"
"250","luxurious property",2,2,9.26061776061776,"luxurious property"
"251","paths historic",2,4,9.21242609687792,"paths historic"
"252","boston flat",2,2,9.20843287147635,"boston flat"
"253","pool minute",2,2,9.15996142187931,"pool minute"
"254","charme convenient",2,2,9.12173542266283,"charme convenient"
"255","activity",1,3,9.12,"activity"
"256","busy urban",2,3,9.1076995748701,"busy urban"
"257","jamacia pond",2,3,9.04635761589404,"jamacia pond"
"258","love diversity",2,2,9.03387779794313,"love diversity"
"259","beautiful tree",2,5,9.02948923867652,"beautiful tree"
"260","river dorchester",2,2,8.99319931993199,"river dorchester"
"261","community beacon",2,2,8.9796604609202,"community beacon"
"262","station min",2,3,8.9749263502455,"station min"
"263","shop tj",2,6,8.97473931561169,"shop tj"
"264","recent",1,2,8.96153846153846,"recent"
"265","resident roslindale",2,2,8.93532889874353,"resident roslindale"
"266","step stony",2,2,8.92006802721088,"step stony"
"267","center shipbuilding",2,5,8.88865546218487,"center shipbuilding"
"268","beacon street",2,4,8.84075708935259,"beacon street"
"269","house blu",2,30,8.8270316027088,"house blu"
"270","historic beautiful",2,2,8.75921738834036,"historic beautiful"
"271","beautiful historic",2,3,8.75921738834036,"beautiful historic"
"272","crowd fast",2,3,8.75,"crowd fast"
"273","location apartment",2,3,8.74760093262977,"location apartment"
"274","entertainment",1,4,8.74285714285714,"entertainment"
"275","boston child",2,22,8.73968287147635,"boston child"
"276","chinatown minute",2,3,8.7239965095986,"chinatown minute"
"277","street columbus",2,18,8.69292717086835,"street columbus"
"278","park kenmore",2,3,8.67116926973407,"park kenmore"
"279","late",1,2,8.61764705882353,"late"
"280","exciting",1,18,8.60975609756098,"exciting"
"281","friendly residential",2,3,8.60284825507923,"friendly residential"
"282","boston conservatory",2,11,8.58343287147635,"boston conservatory"
"283","raw bar",2,3,8.57206208425721,"raw bar"
"284","field",1,2,8.53125,"field"
"285","father american",2,3,8.53,"father american"
"286","arboretum",1,3,8.52777777777778,"arboretum"
"287","daytime destinations",2,4,8.48,"daytime destinations"
"288","revere house",2,2,8.47475887543608,"revere house"
"289","library",1,4,8.47191011235955,"library"
"290","history beacon",2,3,8.435831357592,"history beacon"
"291","boston doorstep",2,12,8.42902110677047,"boston doorstep"
"292","mass",1,2,8.40816326530612,"mass"
"293","neighbor vacuum",2,2,8.4,"neighbor vacuum"
"294","boat",1,3,8.38888888888889,"boat"
"295","door",1,3,8.37704918032787,"door"
"296","safe convenient",2,15,8.36892376418033,"safe convenient"
"297","diverse vibrant",2,2,8.34275951455167,"diverse vibrant"
"298","step",1,6,8.33673469387755,"step"
"299","service",1,2,8.33333333333333,"service"
"300","harborwalk seaport",2,5,8.3176652892562,"harborwalk seaport"
"301","easy tran",2,4,8.31555555555556,"easy tran"
"302","st patrick",2,2,8.3021472392638,"st patrick"
"303","charle bulfinch",2,2,8.25106382978723,"charle bulfinch"
"304","safe minute",2,2,8.16807750648334,"safe minute"
"305","picnic jogge",2,4,8.16666666666667,"picnic jogge"
"306","colonial day",2,4,8.16413662239089,"colonial day"
"307","procession pm procession",2,2,8.16339869281046,"procession pm procession"
"308","store",1,6,8.09677419354839,"store"
"309","desirable neighborhoods",2,3,8.06007751937985,"desirable neighborhoods"
"310","desirable convenient",2,2,8.05817610062893,"desirable convenient"
"311","restaurant townsman",2,5,8.05098572399728,"restaurant townsman"
"312","pond",1,2,8.04635761589404,"pond"
"313","chinatown min",2,2,8.00435897435897,"chinatown min"
"314","diverse owner",2,5,7.99677938808374,"diverse owner"
"315","coffee",1,2,7.97986577181208,"coffee"
"316","elegant historic",2,2,7.97143937961036,"elegant historic"
"317","character charm",2,2,7.95,"character charm"
"318","front",1,3,7.91111111111111,"front"
"319","garden",1,3,7.90476190476191,"garden"
"320","dynamic",1,4,7.88888888888889,"dynamic"
"321","friendly safe",2,4,7.87964530134668,"friendly safe"
"322","safe friendly",2,2,7.87964530134668,"safe friendly"
"323","access",1,3,7.86666666666667,"access"
"324","historical roots",2,2,7.83035714285714,"historical roots"
"325","museum",1,2,7.82741116751269,"museum"
"326","resident heart",2,22,7.81085208642142,"resident heart"
"327","amenity",1,2,7.8,"amenity"
"328","nature",1,3,7.8,"nature"
"329","brighton",1,7,7.79365079365079,"brighton"
"330","conservatory minute",2,3,7.73232984293194,"conservatory minute"
"331","brewery",1,2,7.70512820512821,"brewery"
"332","close str",2,4,7.68586387434555,"close str"
"333","mystic river",2,2,7.66996699669967,"mystic river"
"334","jp",1,10,7.61333333333333,"jp"
"335","japanese",1,3,7.61111111111111,"japanese"
"336","walk",1,11,7.57729941291585,"walk"
"337","bar",1,6,7.57206208425721,"bar"
"338","summer",1,5,7.53333333333333,"summer"
"339","shop",1,11,7.52019386106624,"shop"
"340","market",1,11,7.50785340314136,"market"
"341","trader joe",2,5,7.48319327731092,"trader joe"
"342","cafe",1,12,7.47435897435897,"cafe"
"343","shopping",1,9,7.47138047138047,"shopping"
"344","famous",1,4,7.44554455445545,"famous"
"345","local",1,7,7.41626794258373,"local"
"346","newbury",1,7,7.39805825242718,"newbury"
"347","mit",1,3,7.37179487179487,"mit"
"348","breakfast",1,4,7.34615384615385,"breakfast"
"349","easy",1,9,7.31555555555556,"easy"
"350","reservoir",1,2,7.30769230769231,"reservoir"
"351","numerous",1,2,7.28125,"numerous"
"352","ride",1,6,7.28030303030303,"ride"
"353","21st century",2,2,7.25806451612903,"21st century"
"354","mile",1,26,7.25653206650831,"mile"
"355","folks",1,3,7.25,"folks"
"356","piece",1,2,7.25,"piece"
"357","distinction city",2,2,7.24193548387097,"distinction city"
"358","fen",1,2,7.2,"fen"
"359","run midnight",2,2,7.19924812030075,"run midnight"
"360","charlestown residential",2,2,7.19699409554482,"charlestown residential"
"361","movie",1,2,7.18518518518519,"movie"
"362","diverse residential",2,6,7.15110037573806,"diverse residential"
"363","bird",1,3,7.14285714285714,"bird"
"364","cv",1,3,7.14285714285714,"cv"
"365","center stroot",2,2,7.12675070028011,"center stroot"
"366","downtown",1,18,7.12623274161736,"downtown"
"367","apartment price",2,2,7.12288401253918,"apartment price"
"368","modern great",2,3,7.10526315789474,"modern great"
"369","brunch",1,2,7.09090909090909,"brunch"
"370","be bath",2,3,7.08951406649616,"be bath"
"371","offer",1,10,7.08333333333333,"offer"
"372","world",1,4,7.07246376811594,"world"
"373","noisy time",2,6,7.06884057971014,"noisy time"
"374","permeate street",2,15,7.06547619047619,"permeate street"
"375","restaurant",1,33,7.05098572399728,"restaurant"
"376","college",1,10,7.04545454545455,"college"
"377","drink",1,2,7.03703703703704,"drink"
"378","italian",1,5,6.97520661157025,"italian"
"379","option",1,4,6.97402597402597,"option"
"380","beach",1,6,6.97321428571429,"beach"
"381","knowledge boston",2,2,6.95843287147635,"knowledge boston"
"382","boston chef",2,3,6.95843287147635,"boston chef"
"383","santander bank",2,2,6.95652173913043,"santander bank"
"384","middle",1,4,6.91428571428571,"middle"
"385","popular",1,7,6.91208791208791,"popular"
"386","historic charm",2,2,6.89790996784566,"historic charm"
"387","block",1,26,6.89428571428571,"block"
"388","bus",1,8,6.89142857142857,"bus"
"389","train",1,2,6.87155963302752,"train"
"390","street equator",2,4,6.86547619047619,"street equator"
"391","safe residential",2,5,6.84469828083535,"safe residential"
"392","york",1,3,6.81818181818182,"york"
"393","amazing",1,4,6.81012658227848,"amazing"
"394","clean safe",2,2,6.77503337783712,"clean safe"
"395","historic chinatown",2,3,6.76457663451233,"historic chinatown"
"396","lot",1,4,6.74025974025974,"lot"
"397","cute",1,4,6.7,"cute"
"398","close",1,10,6.68586387434555,"close"
"399","wonderful",1,9,6.64634146341463,"wonderful"
"400","forest",1,4,6.64,"forest"
"401","st",1,11,6.5521472392638,"st"
"402","food",1,20,6.51754385964912,"food"
"403","historic diverse",2,8,6.51505972629977,"historic diverse"
"404","district",1,3,6.48287671232877,"district"
"405","heart historic",2,4,6.46282709491748,"heart historic"
"406","center",1,13,6.46008403361345,"center"
"407","hr gigantic",2,2,6.45454545454545,"hr gigantic"
"408","fun",1,2,6.42647058823529,"fun"
"409","hospital",1,36,6.42446043165468,"hospital"
"410","gorgeous",1,4,6.41176470588235,"gorgeous"
"411","travel",1,5,6.41176470588235,"travel"
"412","tourist",1,2,6.38983050847458,"tourist"
"413","line",1,7,6.37777777777778,"line"
"414","frederick law",2,4,6.35,"frederick law"
"415","bike",1,8,6.34782608695652,"bike"
"416","river",1,6,6.33663366336634,"river"
"417","prudential",1,2,6.33333333333333,"prudential"
"418","student",1,3,6.312,"student"
"419","pizza",1,3,6.30434782608696,"pizza"
"420","walgreens",1,2,6.3,"walgreens"
"421","city",1,30,6.24193548387097,"city"
"422","harvard",1,43,6.23287671232877,"harvard"
"423","life",1,4,6.21666666666667,"life"
"424","atmosphere",1,2,6.21428571428571,"atmosphere"
"425","corner",1,10,6.208,"corner"
"426","community",1,2,6.2043795620438,"community"
"427","john",1,3,6.1875,"john"
"428","dorchester single",2,4,6.18288144603934,"dorchester single"
"429","destination",1,2,6.14285714285714,"destination"
"430","eastern",1,4,6.14285714285714,"eastern"
"431","plaza",1,6,6.125,"plaza"
"432","breakfasts minute",2,2,6.10732984293194,"breakfasts minute"
"433","live",1,5,6.09090909090909,"live"
"434","historical",1,13,6.08035714285714,"historical"
"435","asion diversity",2,5,6.06896551724138,"asion diversity"
"436","street",1,72,6.06547619047619,"street"
"437","immigrant central",2,5,6.06012658227848,"immigrant central"
"438","dog",1,2,6.05714285714286,"dog"
"439","irish",1,5,6.04918032786885,"irish"
"440","spot",1,4,6.0379746835443,"spot"
"441","architecture",1,3,6.03636363636364,"architecture"
"442","dorchester diverse",2,2,6.02371541501976,"dorchester diverse"
"443","convenience",1,7,6.01492537313433,"convenience"
"444","night",1,5,6.01063829787234,"night"
"445","charme property",2,10,6.00274851122309,"charme property"
"446","fresh",1,2,6,"fresh"
"447","straight",1,2,6,"straight"
"448","vibe",1,3,6,"vibe"
"449","boston",1,209,5.95843287147635,"boston"
"450","scenery short",2,2,5.95813953488372,"scenery short"
"451","system",1,4,5.94736842105263,"system"
"452","dinner",1,4,5.93333333333333,"dinner"
"453","hour",1,2,5.93333333333333,"hour"
"454","park",1,130,5.93203883495146,"park"
"455","experience",1,8,5.925,"experience"
"456","historic beacon",2,4,5.92319086672206,"historic beacon"
"457","car",1,4,5.91228070175439,"car"
"458","direction",1,7,5.85714285714286,"direction"
"459","allston",1,16,5.85087719298246,"allston"
"460","adults family",2,2,5.83695652173913,"adults family"
"461","latino family",2,2,5.83695652173913,"latino family"
"462","dorchester historic",2,8,5.80447562441132,"dorchester historic"
"463","plenty",1,5,5.79166666666667,"plenty"
"464","privacy residential",2,2,5.78395061728395,"privacy residential"
"465","reach",1,2,5.76923076923077,"reach"
"466","church",1,10,5.72916666666667,"church"
"467","house",1,37,5.7020316027088,"house"
"468","victorian",1,2,5.69811320754717,"victorian"
"469","airport",1,3,5.69047619047619,"airport"
"470","fantastic",1,9,5.68292682926829,"fantastic"
"471","hip",1,7,5.68,"hip"
"472","history",1,13,5.6605504587156,"history"
"473","june",1,2,5.63636363636364,"june"
"474","urban environ",2,3,5.63356164383562,"urban environ"
"475","beautiful",1,21,5.6113074204947,"beautiful"
"476","favorite",1,7,5.5679012345679,"favorite"
"477","home",1,5,5.55882352941176,"home"
"478","enviable location",2,2,5.53380782918149,"enviable location"
"479","awesome",1,2,5.53125,"awesome"
"480","main",1,2,5.52173913043478,"main"
"481","village",1,10,5.52173913043478,"village"
"482","cozy gastropub",2,8,5.52,"cozy gastropub"
"483","target",1,5,5.5,"target"
"484","top",1,6,5.5,"top"
"485","primark apartment",2,3,5.49950738916256,"primark apartment"
"486","guest",1,7,5.48936170212766,"guest"
"487","gym",1,6,5.48484848484848,"gym"
"488","unique",1,8,5.46666666666667,"unique"
"489","pride",1,2,5.46153846153846,"pride"
"490","hottest",1,13,5.45945945945946,"hottest"
"491","hr",1,2,5.45454545454545,"hr"
"492","belove",1,2,5.42857142857143,"belove"
"493","landmark",1,2,5.41463414634146,"landmark"
"494","ethnic",1,7,5.39024390243902,"ethnic"
"495","seaport",1,13,5.3801652892562,"seaport"
"496","gem",1,4,5.36842105263158,"gem"
"497","mbta",1,4,5.35714285714286,"mbta"
"498","copley",1,35,5.34319526627219,"copley"
"499","run",1,2,5.34210526315789,"run"
"500","jogger",1,2,5.33333333333333,"jogger"
"501","day parade",2,7,5.31854838709677,"day parade"
"502","national",1,8,5.31818181818182,"national"
"503","neighborhoods",1,34,5.31007751937984,"neighborhoods"
"504","convenient",1,11,5.30817610062893,"convenient"
"505","waldo emerson",2,3,5.30769230769231,"waldo emerson"
"506","beth",1,3,5.3,"beth"
"507","attraction",1,12,5.28638497652582,"attraction"
"508","road",1,2,5.27272727272727,"road"
"509","play",1,3,5.26666666666667,"play"
"510","building",1,25,5.26347305389222,"building"
"511","coastal breeze",2,2,5.25,"coastal breeze"
"512","feel",1,3,5.25,"feel"
"513","hotel",1,3,5.25,"hotel"
"514","miss beacon",2,4,5.24194756554307,"miss beacon"
"515","love neighborhood",2,3,5.23414304993252,"love neighborhood"
"516","list",1,2,5.21739130434783,"list"
"517","views",1,3,5.21428571428571,"views"
"518","triangle trilogy",2,15,5.15,"triangle trilogy"
"519","office",1,3,5.14285714285714,"office"
"520","suburban",1,2,5.13333333333333,"suburban"
"521","addition",1,7,5.11111111111111,"addition"
"522","minute",1,128,5.10732984293194,"minute"
"523","residence",1,2,5.07692307692308,"residence"
"524","jumbo seafood",2,7,5.07142857142857,"jumbo seafood"
"525","people",1,14,5.07142857142857,"people"
"526","accessible",1,8,5,"accessible"
"527","circle",1,3,5,"circle"
"528","condo",1,15,5,"condo"
"529","ponds",1,2,5,"ponds"
"530","walkway witch",2,2,5,"walkway witch"
"531","authentic",1,2,4.97826086956522,"authentic"
"532","vibrant",1,10,4.97560975609756,"vibrant"
"533","short",1,26,4.95813953488372,"short"
"534","quick",1,11,4.95384615384615,"quick"
"535","sowa",1,3,4.94736842105263,"sowa"
"536","guidebook",1,2,4.88888888888889,"guidebook"
"537","blue",1,4,4.87179487179487,"blue"
"538","massachusett",1,8,4.86046511627907,"massachusett"
"539","unit",1,4,4.84210526315789,"unit"
"540","family",1,7,4.83695652173913,"family"
"541","lovely",1,5,4.83018867924528,"lovely"
"542","quaint",1,3,4.82142857142857,"quaint"
"543","friendly",1,6,4.81889763779528,"friendly"
"544","cambridge",1,19,4.80141843971631,"cambridge"
"545","prior",1,3,4.8,"prior"
"546","bc",1,4,4.76923076923077,"bc"
"547","picturesque",1,5,4.76470588235294,"picturesque"
"548","century",1,2,4.75806451612903,"century"
"549","brownstone",1,12,4.73611111111111,"brownstone"
"550","town",1,17,4.68817204301075,"town"
"551","owner",1,3,4.62962962962963,"owner"
"552","station",1,35,4.58723404255319,"station"
"553","version",1,2,4.57142857142857,"version"
"554","nice",1,16,4.56382978723404,"nice"
"555","townhouse",1,7,4.55263157894737,"townhouse"
"556","navy",1,2,4.54166666666667,"navy"
"557","location",1,20,4.53380782918149,"location"
"558","location location location",1,2,4.53380782918149,"location location location"
"559","progressive eng",2,5,4.5,"progressive eng"
"560","resident",1,6,4.49593495934959,"resident"
"561","roslindale",1,6,4.43939393939394,"roslindale"
"562","neighbors",1,6,4.40740740740741,"neighbors"
"563","traffic",1,2,4.40740740740741,"traffic"
"564","min",1,61,4.38769230769231,"min"
"565","base radian",2,5,4.33333333333333,"base radian"
"566","crowd",1,5,4.33333333333333,"crowd"
"567","link",1,2,4.33333333333333,"link"
"568","monthly",1,2,4.33333333333333,"monthly"
"569","sophia",1,2,4.33333333333333,"sophia"
"570","table",1,3,4.3,"table"
"571","artisan",1,7,4.24137931034483,"artisan"
"572","procession procession",1,2,4.22222222222222,"procession procession"
"573","apartment",1,66,4.21379310344828,"apartment"
"574","miss deep",2,8,4.19393939393939,"miss deep"
"575","day",1,11,4.19354838709677,"day"
"576","walkable",1,2,4.19047619047619,"walkable"
"577","tapa",1,3,4.17241379310345,"tapa"
"578","pool",1,7,4.05263157894737,"pool"
"579","european",1,5,4,"european"
"580","love",1,22,3.96491228070175,"love"
"581","desirable expensive",2,14,3.96052631578947,"desirable expensive"
"582","affect peaceful",2,2,3.95348837209302,"affect peaceful"
"583","pm",1,6,3.94117647058824,"pm"
"584","hidden",1,23,3.9047619047619,"hidden"
"585","red",1,30,3.89430894308943,"red"
"586","bridge",1,4,3.875,"bridge"
"587","largest",1,11,3.86111111111111,"largest"
"588","pocket",1,2,3.85714285714286,"pocket"
"589","fig",1,2,3.83333333333333,"fig"
"590","hungry",1,2,3.83333333333333,"hungry"
"591","charme",1,3,3.8135593220339,"charme"
"592","central",1,14,3.81012658227848,"central"
"593","game",1,5,3.80952380952381,"game"
"594","savin",1,12,3.8,"savin"
"595","residential",1,42,3.78395061728395,"residential"
"596","monument",1,5,3.77777777777778,"monument"
"597","washington",1,15,3.75555555555556,"washington"
"598","charm",1,2,3.75,"charm"
"599","aquarium",1,26,3.74242424242424,"aquarium"
"600","apt",1,2,3.72727272727273,"apt"
"601","commonwealth",1,11,3.70588235294118,"commonwealth"
"602","andrew",1,6,3.69565217391304,"andrew"
"603","daughter farmer",2,4,3.66666666666667,"daughter farmer"
"604","real",1,9,3.66666666666667,"real"
"605","time",1,12,3.65217391304348,"time"
"606","tavern",1,2,3.61904761904762,"tavern"
"607","chinatown",1,10,3.61666666666667,"chinatown"
"608","annual",1,6,3.55555555555556,"annual"
"609","necklace",1,14,3.53061224489796,"necklace"
"610","grill",1,2,3.5,"grill"
"611","border",1,2,3.47619047619048,"border"
"612","roxbury",1,9,3.45901639344262,"roxbury"
"613","backyard",1,2,3.44444444444444,"backyard"
"614","intersection",1,4,3.43333333333333,"intersection"
"615","tree",1,28,3.41818181818182,"tree"
"616","charlestown",1,6,3.41304347826087,"charlestown"
"617","trader",1,2,3.41176470588235,"trader"
"618","amtrak",1,2,3.4,"amtrak"
"619","urban",1,13,3.38356164383562,"urban"
"620","diverse",1,46,3.36714975845411,"diverse"
"621","due",1,8,3.33333333333333,"due"
"622","heart",1,48,3.31491712707182,"heart"
"623","huntington",1,2,3.15384615384615,"huntington"
"624","historic",1,81,3.14790996784566,"historic"
"625","safe",1,52,3.0607476635514,"safe"
"626","black",1,3,3,"black"
"627","elbow congressman",2,2,3,"elbow congressman"
"628","safest",1,3,3,"safest"
"629","peaceful",1,15,2.95348837209302,"peaceful"
"630","closest",1,6,2.94117647058824,"closest"
"631","harborwalk",1,5,2.9375,"harborwalk"
"632","relax",1,3,2.8,"relax"
"633","child",1,3,2.78125,"child"
"634","underground rumble",2,2,2.77777777777778,"underground rumble"
"635","beacon",1,99,2.7752808988764,"beacon"
"636","revere",1,12,2.77272727272727,"revere"
"637","3rd",1,2,2.75,"3rd"
"638","chill",1,2,2.75,"chill"
"639","desirable",1,2,2.75,"desirable"
"640","kenmore",1,6,2.73913043478261,"kenmore"
"641","bunker",1,7,2.66666666666667,"bunker"
"642","chestnut",1,3,2.66666666666667,"chestnut"
"643","farmer",1,3,2.66666666666667,"farmer"
"644","quarter",1,2,2.66666666666667,"quarter"
"645","dorchester",1,21,2.65656565656566,"dorchester"
"646","edge",1,2,2.625,"edge"
"647","greenest",1,2,2.5,"greenest"
"648","word",1,2,2.5,"word"
"649","gold",1,3,2.4,"gold"
"650","immigrant",1,8,2.25,"immigrant"
"651","am",1,3,2.2,"am"
"652","property",1,11,2.18918918918919,"property"
"653","settle aisling",2,4,2,"settle aisling"
"654","bull horn",2,2,2,"bull horn"
"655","canto",1,2,2,"canto"
"656","characteristic",1,2,2,"characteristic"
"657","coupling culinary",2,2,2,"coupling culinary"
"658","townhome",1,2,2,"townhome"
"659","award",1,16,1.96153846153846,"award"
"660","lloyd garrison",2,4,1.90909090909091,"lloyd garrison"
"661","midnight",1,2,1.85714285714286,"midnight"
"662","districts",1,11,1.77777777777778,"districts"
"663","underground",1,4,1.77777777777778,"underground"
"664","tight knit",2,3,1.75,"tight knit"
"665","experimental",1,4,1.66666666666667,"experimental"
"666","mission",1,11,1.47368421052632,"mission"
"667","tj",1,3,1.45454545454545,"tj"
"668","discover",1,4,1.42857142857143,"discover"
"669","jone",1,4,1.42857142857143,"jone"
"670","notable",1,4,1.42857142857143,"notable"
"671","primark",1,2,1.28571428571429,"primark"
"672","neighborhood",1,16,1.26923076923077,"neighborhood"
"673","jeffry",1,2,1.25,"jeffry"
"674","myer",1,2,1.25,"myer"
"675","retreat",1,2,1.25,"retreat"
"676","review",1,2,1,"review"
"677","staples",1,11,1,"staples"
"678","chic",1,9,0.916666666666667,"chic"
"679","garrison",1,6,0.909090909090909,"garrison"
"680","peter",1,2,0.75,"peter"
"681","bard",1,2,0.666666666666667,"bard"
"682","mela",1,2,0.666666666666667,"mela"
"683","oak",1,2,0.666666666666667,"oak"
"684","renovation",1,2,0.666666666666667,"renovation"
"685","stony",1,7,0.583333333333333,"stony"
"686","pasta",1,6,0.571428571428571,"pasta"
"687","woman",1,14,0.5625,"woman"
"688","crossroad",1,19,0.5,"crossroad"
"689","knit",1,3,0.5,"knit"
"690","today",1,2,0.5,"today"
"691","fridays",1,8,0.444444444444444,"fridays"
"692","project",1,2,0.333333333333333,"project"
"693","end",1,30,0.3125,"end"
"694","angela",1,3,0.25,"angela"
"695","lucky",1,6,0.142857142857143,"lucky"
"696","harrison",1,17,0.0555555555555556,"harrison"
"697","1630",1,2,0,"1630"
"698","apostle",1,3,0,"apostle"
"699","barren",1,5,0,"barren"
"700","bedding",1,2,0,"bedding"
"701","bos",1,2,0,"bos"
"702","closure",1,2,0,"closure"
"703","comm",1,2,0,"comm"
"704","exhibit",1,6,0,"exhibit"
"705","feasible",1,2,0,"feasible"
"706","gastronomy",1,3,0,"gastronomy"
"707","hammer",1,2,0,"hammer"
"708","image",1,5,0,"image"
"709","jewel",1,2,0,"jewel"
"710","literal",1,2,0,"literal"
"711","missionary",1,3,0,"missionary"
"712","morra",1,2,0,"morra"
"713","ne",1,2,0,"ne"
"714","puritan",1,8,0,"puritan"
"715","rockledge",1,3,0,"rockledge"
"716","saarinen",1,3,0,"saarinen"
"717","shopper",1,2,0,"shopper"
"718","starmarket",1,2,0,"starmarket"
"719","teranga",1,5,0,"teranga"
"720","todd",1,2,0,"todd"
"721","turkeys",1,3,0,"turkeys"
"722","walkability",1,2,0,"walkability"
"723","waterfront",1,6,0,"waterfront"
